id,amount,to,notes
1,11,yoshi,for design work
2,22,kintaro,special minilary operation
3,35,bonbigaso,repair my carid,amount,to,notes
1,11,yoshi,for design work
2,22,kintaro,special minilary operation
3,35,bonbigaso,repair my carid,amount,to,notes
1,11,yoshi,for design work
2,22,kintaro,special minilary operation
3,35,bonbigaso,repair my carid,amount,to,notes
1,11,yoshi,for design work
2,22,kintaro,special minilary operation
3,35,bonbigaso,repair my carid,amount,to,notes
1,11,yoshi,for design work
2,22,kintaro,special minilary operation
3,35,bonbigaso,repair my carid,amount,to,notes
1,11,yoshi,for design work
2,22,kintaro,special minilary operation
3,35,bonbigaso,repair my carid,amount,to,notes
1,11,yoshi,for design work
2,22,kintaro,special minilary operation
3,35,bonbigaso,repair my carid,amount,to,notes
1,11,yoshi,for design work
2,22,kintaro,special minilary operation
3,35,bonbigaso,repair my car